{"10": {"pdp": [63.0, 73.25, 78.5, 78.7, 77.16, 81.5, 80.61428571428571, 83.025, 81.9888888888889, 80.51, 79.71818181818182, 82.38333333333333, 83.22307692307692, 83.39999999999999, 84.34], "hd": [0.006566243095478526, 0.004443676399138613, 0.005112313123250898, 0.004919296887459724, 0.0038863902270895425, 0.004323839502532, 0.004651151827929743, 0.004904618208913256, 0.00461403836159026, 0.003932528203846759, 0.004858915824123283, 0.0071970359634853836, 0.006106524460310442, 0.007765806996128321, 0.0050309863028793105]}, "20": {"pdp": [64.1, 69.8, 65.96666666666667, 73.175, 71.52, 71.1, 72.35714285714285, 76.1625, 76.25555555555556, 73.50999999999999, 77.36363636363637, 77.81666666666666, 78.66153846153846, 78.55, 77.8], "hd": [0.0064711607676221075, 0.004972736000080014, 0.003918774754155422, 0.006127651466838459, 0.0054249501676071205, 0.004707632100351446, 0.005062299558065748, 0.009652004959246872, 0.008050035054300292, 0.006356247240396108, 0.006160913729931606, 0.011268987753340363, 0.01383276838197237, 0.00990118570595995, 0.00877452802186847]}, "30": {"pdp": [61.5, 63.0, 63.33333333333333, 66.95, 67.24, 71.33333333333334, 70.17142857142858, 68.83749999999999, 70.62222222222222, 70.02000000000001, 68.67272727272727, 73.175, 70.46153846153847, 70.21428571428572, 71.35333333333334], "hd": [0.005551040409063524, 0.005365443415002436, 0.00612576631102612, 0.004675905718456169, 0.0054142003413248695, 0.013525567550168602, 0.011878270062736788, 0.009932198533627281, 0.01267455494689166, 0.012155005420466809, 0.010162678577200034, 0.010388277022734227, 0.013254192673267851, 0.012204583069413308, 0.01857002486300977]}, "40": {"pdp": [60.099999999999994, 61.3, 61.199999999999996, 62.35000000000001, 60.88, 61.6, 61.6, 65.01249999999999, 65.26666666666667, 63.190000000000005, 61.64545454545455, 65.875, 64.38461538461539, 63.43571428571428, 65.27333333333334], "hd": [0.008655696905097938, 0.006252968443043971, 0.007023571577471571, 0.004549948094437672, 0.008363218053311142, 0.007805382871159786, 0.012370287417002149, 0.014683115344718395, 0.011938875796905652, 0.009584449410064535, 0.007261977225082196, 0.01833961475201009, 0.011908039125049546, 0.009954800582996524, 0.014944606896105899]}, "50": {"pdp": [55.400000000000006, 56.599999999999994, 58.3, 55.225, 58.440000000000005, 54.96666666666666, 58.74285714285714, 58.3875, 57.84444444444444, 56.86, 58.58181818181818, 56.34166666666667, 58.83846153846154, 60.27142857142857, 58.96], "hd": [0.006860967182222749, 0.007997743168335472, 0.007656493829849588, 0.009588594758282509, 0.01289626780058234, 0.007110137625529238, 0.009734022522136702, 0.013880077090232486, 0.009453492722284872, 0.009523690194586607, 0.012056883236726984, 0.014137832338776649, 0.010106771831273266, 0.016101305729689083, 0.017609608985708326]}, "60": {"pdp": [52.900000000000006, 50.55, 55.733333333333334, 50.8, 49.34, 51.583333333333336, 54.92857142857142, 50.55, 53.71111111111111, 51.33, 54.41818181818182, 51.37500000000001, 52.792307692307695, 52.01428571428571, 53.44], "hd": [0.007514260621221327, 0.00535998917268199, 0.010237654170789824, 0.009145249656685731, 0.010520045304248677, 0.015003912486550575, 0.014398864174026044, 0.009761900608901948, 0.0140041495884933, 0.011360471022029616, 0.02192016665885207, 0.01698583605097423, 0.022690407102868793, 0.01751027775085886, 0.01450025389954768]}, "70": {"pdp": [51.2, 46.800000000000004, 49.43333333333334, 45.375, 45.94, 47.0, 45.614285714285714, 45.7125, 45.355555555555554, 46.489999999999995, 45.86363636363636, 46.050000000000004, 45.33076923076923, 45.54285714285714, 46.513333333333335], "hd": [0.012531798916434697, 0.006516223144349224, 0.008164670451814697, 0.005201000316986846, 0.010833485440683722, 0.012175130348120991, 0.00804759415094736, 0.01619184260379132, 0.01498013134679266, 0.013632669653361311, 0.017674668274507723, 0.016549053438843976, 0.018819883055760576, 0.017202813700197894, 0.0193378648393523]}, "80": {"pdp": [45.5, 45.7, 41.333333333333336, 42.025, 37.88, 39.050000000000004, 39.1, 40.7375, 38.06666666666666, 36.77, 39.300000000000004, 38.725, 37.33846153846154, 39.0, 39.906666666666666], "hd": [0.011434268072939758, 0.00859845495354526, 0.007488403643421788, 0.010270802084721127, 0.00890490384923527, 0.0097176868198824, 0.016855480544623127, 0.022356729332839435, 0.013448534745067065, 0.011722246375802874, 0.020753722096066806, 0.017008537542032777, 0.013954720329070623, 0.011507458823912436, 0.025170430035624473]}, "90": {"pdp": [44.5, 44.4, 43.86666666666667, 39.0, 37.62, 33.6, 34.85714285714286, 31.474999999999998, 32.166666666666664, 30.3, 30.754545454545458, 31.041666666666668, 31.43846153846154, 31.464285714285715, 33.339999999999996], "hd": [0.019087475543425915, 0.013777329513573647, 0.011394690381401255, 0.01262665753457645, 0.007969351190334492, 0.012832758209574122, 0.01083924029882085, 0.009385985968570999, 0.012249364613018772, 0.011610475420400957, 0.016551923642318323, 0.010296800098085097, 0.009165800700397835, 0.017407862199735818, 0.0160927457521891]}, "100": {"pdp": [100.0, 99.95, 100.0, 99.97500000000001, 99.95918367346938, 99.98333333333333, 99.9857142857143, 99.97500000000001, 99.95555555555555, 99.98, 82.71818181818182, 99.97500000000001, 83.21538461538461, 99.99285714285713, 99.98666666666666], "hd": [0.9734283257909021, 0.9742820446232868, 0.984295351211931, 0.9836509643795879, 0.9805381650129177, 0.9908133194259761, 0.9895521861645691, 0.9898802790417068, 0.9790067889355661, 0.9872086738502536, 0.004126933676221372, 0.97946084654321, 0.008424572995586983, 0.9935396819385703, 0.9849246560423629]}}