{"10": {"pdp": [18.2, 26.650000000000002, 28.53333333333333, 31.3, 32.9, 33.81666666666667, 33.67142857142857, 34.5375, 35.888888888888886, 36.14, 36.1, 36.13333333333333, 36.29230769230769, 36.73571428571429, 36.96666666666666], "hd": [0.01074967800259925, 0.003396629756649488, 0.0030749656639941308, 0.0025482254789664562, 0.0014556348396645678, 0.0013988382579690148, 0.0010567489979813702, 0.0008706140799139046, 0.0008439319873210621, 0.0008650380267660002, 0.0008552410847642234, 0.0006353271682846287, 0.0007653193339932392, 0.0006185723901391054, 0.0005951696690043094]}, "20": {"pdp": [27.400000000000002, 31.65, 34.66666666666667, 33.825, 34.98, 36.199999999999996, 35.94285714285714, 36.6125, 36.611111111111114, 37.46, 37.49090909090909, 37.075, 37.16923076923077, 37.5, 37.32666666666667], "hd": [0.010251893121614572, 0.003028289209287033, 0.00199233781290736, 0.0015656837205893165, 0.0015295157512520796, 0.0011919188262344608, 0.0014872804592777793, 0.0009759776205066248, 0.0008982071837701155, 0.0007312955954191415, 0.0005915851708393901, 0.0005519247106869538, 0.0005744667543395879, 0.0005549578479799933, 0.0004461055398073003]}, "30": {"pdp": [30.4, 32.7, 35.4, 36.075, 36.199999999999996, 37.516666666666666, 37.22857142857143, 37.125, 37.077777777777776, 37.12, 37.154545454545456, 37.4, 37.69230769230769, 37.707142857142856, 37.85333333333333], "hd": [0.007225702657923027, 0.0039377985110389535, 0.0025006512480630623, 0.001476486304504523, 0.0013972932830601473, 0.001069286540314515, 0.001037847627358845, 0.000823560958040652, 0.0009145855806346856, 0.0008364841140817845, 0.0006125590209197282, 0.0006354458193278108, 0.0006945749214995537, 0.0005387006085777965, 0.0005719348599220823]}, "40": {"pdp": [30.8, 35.05, 35.8, 37.125, 36.16, 37.1, 37.0, 37.275000000000006, 37.86666666666667, 37.41, 37.99090909090909, 38.05833333333333, 37.769230769230774, 37.792857142857144, 37.833333333333336], "hd": [0.006469722554184942, 0.0028815984345909305, 0.0018900517210141638, 0.0017126518461127586, 0.0015126080743275692, 0.0009635808834242629, 0.001161301097204751, 0.0011971578396089597, 0.0008022746576064284, 0.0007441947731911508, 0.0005819438740473514, 0.0005778044112850797, 0.0009419243210439823, 0.0005796953968234772, 0.0004881446037425121]}, "50": {"pdp": [34.300000000000004, 35.85, 36.199999999999996, 36.175000000000004, 37.0, 37.43333333333334, 37.642857142857146, 37.237500000000004, 37.63333333333333, 37.47, 37.7, 38.05833333333333, 37.49230769230769, 37.58571428571428, 38.06], "hd": [0.005512724680794103, 0.0027250146853410023, 0.0021552127059060455, 0.0017878528438452503, 0.0013823866649410963, 0.0015787556149467535, 0.0010867598422579913, 0.0008972148010620364, 0.000626654262368674, 0.0008270399944067436, 0.000694578746266908, 0.0005318623334081044, 0.000617207179025259, 0.0005329586414526043, 0.00045696824839167125]}, "60": {"pdp": [33.900000000000006, 35.9, 36.666666666666664, 37.025000000000006, 37.44, 37.0, 37.55714285714286, 37.775, 38.03333333333334, 37.419999999999995, 37.96363636363637, 38.09166666666667, 37.70769230769231, 37.971428571428575, 38.126666666666665], "hd": [0.004377771573624677, 0.0031340577064623122, 0.0021256918647362937, 0.0018298311178003227, 0.001222422806654161, 0.0014526399038109626, 0.001101536276016277, 0.001025993768641106, 0.0007554991413047712, 0.0008752125154578658, 0.0006574548707895323, 0.0005711343216113489, 0.0007623903643331868, 0.0006379972557659507, 0.0008696477310823125]}, "70": {"pdp": [33.7, 36.65, 37.13333333333333, 36.725, 36.720000000000006, 37.6, 37.68571428571428, 37.237500000000004, 37.422222222222224, 37.47, 37.78181818181818, 37.824999999999996, 37.646153846153844, 38.621428571428574, 38.093333333333334], "hd": [0.00537261813306628, 0.003077595825173711, 0.0022942963111717515, 0.0015706010917079028, 0.0013027287271893514, 0.0011872294243514686, 0.0011370473308008255, 0.0014572140228185655, 0.0008911598420109226, 0.0006933241586817453, 0.0005729066019599684, 0.000953451940420008, 0.000637484413823887, 0.0007994202463411069, 0.0005093183834601316]}, "80": {"pdp": [34.5, 36.55, 36.3, 37.775, 37.66, 37.68333333333334, 37.642857142857146, 37.4125, 37.388888888888886, 37.8, 37.654545454545456, 37.766666666666666, 37.761538461538464, 37.871428571428574, 37.85333333333333], "hd": [0.006024994992687206, 0.003123079658255544, 0.002113524062644092, 0.002352062684744402, 0.0014233814327918694, 0.0012380050294768688, 0.00168566493194379, 0.0010467435166465503, 0.0009531904085602989, 0.000686058081255698, 0.000631640524707212, 0.0006658197482663054, 0.0007868565637971511, 0.0005560017483140952, 0.000929126251877619]}, "90": {"pdp": [33.5, 36.5, 37.1, 36.875, 37.28, 37.11666666666667, 37.7, 37.6875, 37.58888888888889, 37.330000000000005, 37.68181818181818, 37.68333333333334, 37.715384615384615, 37.93571428571428, 37.89333333333333], "hd": [0.006354668445830182, 0.0032236209118073726, 0.0020999816455106765, 0.0020473742508541077, 0.0014082667115756541, 0.0014811466878153115, 0.0011119383697307283, 0.0008330396941593091, 0.0009452754947543458, 0.0009242163890790059, 0.0007491685805307199, 0.000982913681808477, 0.0008385087413410954, 0.0012914797396614828, 0.000979292227236087]}, "100": {"pdp": [99.9, 99.95, 99.86666666666667, 99.95, 99.96000000000001, 99.98333333333333, 100.0, 99.9875, 99.9888888888889, 99.98, 99.99090909090908, 100.0, 100.0, 99.99285714285713, 99.98666666666666], "hd": [0.6960627312245713, 0.7030237308581697, 0.6979103988618467, 0.6881675767305238, 0.7011733087287327, 0.697871361281927, 0.6924767425288796, 0.7001722434165556, 0.7027223615848656, 0.6987981679903202, 0.7040026082439723, 0.6989779068925642, 0.7031244060770662, 0.7005457206755791, 0.7047090453968003]}}