{"10": {"pdp": [29.5, 31.15, 20.033333333333335, 47.3, 25.96, 51.68333333333334, 67.74285714285713, 58.35, 65.22222222222223, 93.82000000000001, 72.02727272727273, 76.29166666666667, 81.3076923076923, 93.38571428571429, 79.3], "hd": [10.062069586871267, 10.113243646416198, 10.1404555704199, 10.155969029578738, 10.27208426614837, 10.21799129993431, 10.234846330667589, 10.243623536428462, 10.255343365755861, 10.244287932013295, 10.204670031780363, 10.23835125247643, 10.279343972801406, 10.280307378479499, 10.273930920674418]}, "20": {"pdp": [9.700000000000001, 38.25, 46.800000000000004, 56.75, 88.75999999999999, 92.08333333333333, 92.54285714285714, 90.03750000000001, 98.58888888888889, 91.35, 98.38181818181818, 98.375, 98.21538461538462, 91.60714285714285, 98.8], "hd": [10.216589113677088, 10.220519393417252, 10.229453900743826, 10.275444631901028, 10.262150720030775, 10.309470249431586, 10.243946062826392, 10.280931621450218, 10.253122553501775, 10.27650749853835, 10.296113868054874, 10.31983059792025, 10.280603381566497, 10.262604778017286, 10.290830338772011]}, "30": {"pdp": [33.300000000000004, 61.150000000000006, 88.73333333333333, 88.94999999999999, 96.64, 98.2, 98.11428571428571, 98.25, 98.71111111111112, 98.65, 98.7909090909091, 98.775, 98.76923076923076, 98.87142857142858, 98.93333333333332], "hd": [10.189338951738392, 10.280061636546552, 10.214926368210033, 10.300474597726883, 10.202209002527265, 10.253166321929388, 10.264563955689782, 10.327010768326709, 10.269673042965344, 10.3143266069388, 10.27194139869242, 10.298462099818261, 10.267981148639569, 10.284121675843654, 10.308239151613838]}, "40": {"pdp": [47.8, 74.2, 79.36666666666666, 98.65, 98.02, 98.66666666666667, 98.37142857142858, 98.9875, 98.76666666666667, 98.75, 99.0909090909091, 98.94166666666668, 99.05384615384617, 99.09285714285714, 99.03999999999999], "hd": [10.150178565342818, 10.266368100827856, 10.245573237959402, 10.245843501304112, 10.2881223424438, 10.21723042100123, 10.22568502317315, 10.302058740497964, 10.269564340324804, 10.267594894542452, 10.327102953757581, 10.27279701151984, 10.282443614093536, 10.316741788402492, 10.23622225216491]}, "50": {"pdp": [72.1, 96.65, 98.53333333333333, 98.55000000000001, 98.5, 98.65, 99.21428571428571, 99.4375, 99.04444444444445, 99.22, 99.24545454545455, 99.35833333333333, 99.36153846153846, 99.35714285714286, 99.36], "hd": [10.212241396010667, 10.240907812928542, 10.327645528426062, 10.237460572194447, 10.281575266505213, 10.326469143711671, 10.235493993770787, 10.286572900977948, 10.28654728290663, 10.32101834995334, 10.299487750038281, 10.333194949597695, 10.267559939553351, 10.31846452445563, 10.295600897044134]}, "60": {"pdp": [73.3, 96.75, 97.23333333333333, 98.375, 99.0, 99.36666666666667, 99.2, 99.4, 99.21111111111112, 99.47, 99.38181818181818, 99.41666666666666, 99.46153846153845, 99.38571428571429, 99.46666666666667], "hd": [10.237692379112964, 10.294564573078828, 10.286042867424149, 10.30909856924486, 10.257496892649606, 10.364702466353432, 10.309700965029114, 10.343709267173923, 10.351262020412431, 10.336858735454593, 10.329157305547163, 10.254021969252806, 10.273963024500778, 10.290618708023112, 10.265391443311549]}, "70": {"pdp": [95.39999999999999, 97.5, 99.23333333333333, 98.825, 99.5, 99.35000000000001, 99.25714285714285, 99.3625, 99.53333333333333, 99.55000000000001, 99.49090909090908, 99.53333333333333, 99.54615384615386, 99.55714285714285, 99.53999999999999], "hd": [10.1329773409606, 10.243583836784643, 10.344991748972127, 10.300610262619916, 10.373440377188263, 10.310938102253072, 10.353670381215482, 10.346413035535958, 10.360116316751242, 10.336528332100993, 10.331672096020213, 10.343328024964084, 10.354518790244839, 10.326392624895439, 10.32938811390662]}, "80": {"pdp": [98.5, 98.65, 99.33333333333333, 99.65, 99.48, 99.56666666666666, 99.5142857142857, 99.7, 99.56666666666666, 99.75, 99.51818181818182, 99.64166666666667, 99.63076923076923, 99.70714285714286, 99.65333333333334], "hd": [10.263039539792864, 10.329928488912115, 10.370324182448822, 10.304589312255233, 10.398275232918252, 10.401984785838643, 10.380185909322694, 10.413575657176654, 10.323145769980009, 10.363568146507493, 10.315269514625657, 10.38200632961766, 10.356635989472458, 10.346311646325589, 10.400724911282131]}, "90": {"pdp": [99.1, 99.85000000000001, 99.53333333333333, 99.675, 99.78, 99.71666666666667, 99.74285714285715, 99.85000000000001, 99.75555555555556, 99.77000000000001, 99.86363636363636, 99.69166666666666, 99.74615384615385, 99.87142857142857, 99.84666666666666], "hd": [10.217564992200789, 10.442662782591004, 10.338582060683585, 10.318256305235938, 10.422140826268942, 10.436858744069053, 10.42611083029861, 10.390031545716893, 10.425183734687685, 10.439551460673071, 10.4017072619364, 10.443734810201502, 10.403389122439053, 10.439230243993398, 10.414905274896103]}, "100": {"pdp": [100.0, 100.0, 100.0, 100.0, 100.0, 100.0, 100.0, 100.0, 100.0, 100.0, 100.0, 100.0, 100.0, 100.0, 100.0], "hd": [13.250252916058383, 13.395234526871024, 13.245952779148974, 13.30252645932416, 13.397803551146682, 13.26792628688083, 13.33640228828728, 13.284759895877778, 13.298264530607034, 13.39552233634546, 13.339136369278398, 13.428811921205458, 13.360537931223806, 13.39963638682758, 13.395530976628073]}}