{"10": {"pdp": [72.7, 86.85000000000001, 89.33333333333333, 92.25, 93.08, 93.89999999999999, 94.42857142857143, 95.5375, 96.1, 95.83, 95.89999999999999, 96.31666666666666, 96.43846153846154, 96.88571428571429, 96.95333333333333], "hd": [0.006402846047283127, 0.005438015297188128, 0.005474512123395053, 0.005465030305947626, 0.005498758651643173, 0.005078235032806583, 0.005099528843316736, 0.005283823235082502, 0.005220470981730062, 0.005310065771680453, 0.005084954081238444, 0.005222517837262975, 0.00515849657969859, 0.00503237687445442, 0.00512012154588414]}, "20": {"pdp": [76.4, 84.8, 87.26666666666667, 90.0, 91.06, 92.16666666666666, 92.55714285714286, 92.66250000000001, 93.18888888888888, 93.56, 93.45454545454545, 94.10833333333333, 94.15384615384616, 94.20714285714286, 94.69333333333333], "hd": [0.00607714168251845, 0.005458246598969352, 0.005514054097280945, 0.005474103863977642, 0.0051057193414793395, 0.005635017568515486, 0.0052158477429566094, 0.005156243817888973, 0.005180348909813617, 0.005254938624058608, 0.005143288634899969, 0.005181736457943068, 0.005131534645191034, 0.005300280023939844, 0.005158106881724993]}, "30": {"pdp": [75.3, 82.65, 85.23333333333333, 85.875, 88.14, 88.55, 89.11428571428571, 89.325, 89.55555555555556, 90.10000000000001, 90.37272727272727, 90.49166666666667, 90.71538461538462, 90.55714285714286, 90.94], "hd": [0.006271937398980849, 0.0056175294424264, 0.005489980501023422, 0.005550580720818208, 0.00533953617920206, 0.0051799928942601586, 0.005552096610229475, 0.005237155553331458, 0.005477518275335081, 0.005170718034708935, 0.005001058276257008, 0.005199523770932443, 0.005207747799351211, 0.0052661473342644725, 0.005449296691308714]}, "40": {"pdp": [73.6, 78.4, 81.23333333333333, 82.675, 83.88, 83.7, 84.68571428571428, 85.1625, 85.41111111111111, 85.66, 85.88181818181818, 85.90833333333333, 86.49230769230769, 86.28571428571429, 86.32666666666667], "hd": [0.006148615321021048, 0.005835530510256299, 0.005520782376970696, 0.00534283663999758, 0.005341072546330074, 0.005222053134555074, 0.005174116119207366, 0.005807084379160827, 0.005028397488577662, 0.005322326881435224, 0.005221969666463945, 0.005120465082557073, 0.005153491650208982, 0.005580685535004777, 0.005168167647811635]}, "50": {"pdp": [71.2, 74.15, 76.86666666666667, 78.25, 78.46, 79.35, 79.64285714285714, 79.4125, 80.31111111111112, 80.28, 80.30000000000001, 81.2, 80.93846153846154, 81.00714285714285, 81.5], "hd": [0.006344013487154866, 0.005799797459634533, 0.005692429497351615, 0.005817171288917065, 0.005555310548650065, 0.005320701043213372, 0.005372309065346936, 0.005252050871809094, 0.005176090626902675, 0.005245992796480478, 0.005490102960705495, 0.005111964967539526, 0.0051803813504002465, 0.005411415637053334, 0.005194520636115616]}, "60": {"pdp": [67.2, 69.8, 71.13333333333334, 72.85000000000001, 73.34, 73.46666666666667, 73.77142857142857, 74.7875, 74.58888888888889, 74.75, 75.29090909090908, 75.725, 76.26153846153846, 76.54285714285714, 77.24], "hd": [0.006640812001197201, 0.005832282127758136, 0.005585680922887075, 0.0056471213739479964, 0.005820952343054254, 0.00546297416260333, 0.005387330572996763, 0.005134050668990632, 0.005212210829734073, 0.005246842948699231, 0.005282598021766165, 0.005160867185556318, 0.005330710617439458, 0.005391519103884205, 0.005276307987000864]}, "70": {"pdp": [60.4, 64.55, 65.73333333333333, 66.525, 67.62, 68.46666666666667, 69.21428571428572, 70.3875, 70.85555555555555, 71.19, 72.45454545454545, 73.65, 75.22307692307693, 75.55, 76.78], "hd": [0.008103358450643292, 0.006833562626473639, 0.005838139354529165, 0.005662055570166566, 0.005666797797656733, 0.005465448057034562, 0.005397198381189201, 0.0054053545536075056, 0.005271102406875024, 0.0055283747541708455, 0.00523195129914032, 0.005322502611142375, 0.006225296584165944, 0.005237011156892598, 0.00539613362510081]}, "80": {"pdp": [57.49999999999999, 60.099999999999994, 60.73333333333333, 62.25000000000001, 64.62, 66.21666666666667, 68.18571428571428, 69.625, 71.36666666666667, 73.42, 74.58181818181818, 76.67500000000001, 77.03846153846153, 77.82857142857142, 78.06666666666666], "hd": [0.008309898949059848, 0.007024634798492729, 0.006650603143461818, 0.005859488089193527, 0.005636385559310235, 0.005410416425388417, 0.005594020377979428, 0.005546569978698503, 0.005389598434473975, 0.005466742282090791, 0.005834179727059216, 0.00569556881917646, 0.005472534092876311, 0.005410845463927959, 0.005378257946274335]}, "90": {"pdp": [55.1, 61.25000000000001, 65.43333333333334, 68.22500000000001, 72.66, 74.33333333333333, 78.14285714285715, 78.95, 80.02222222222221, 80.95, 82.42727272727272, 83.675, 84.06923076923077, 85.22142857142858, 86.14], "hd": [0.010114811789359137, 0.008480051778863403, 0.0069831683156844435, 0.006601836588104335, 0.006454958173328134, 0.005959648097247492, 0.006338504561771159, 0.005952124333429809, 0.0057032128957479784, 0.005671899497848242, 0.0062511839266322115, 0.006011044300270376, 0.005797164828808206, 0.005936610290049386, 0.005512536322866168]}, "100": {"pdp": [100.0, 99.85000000000001, 100.0, 99.925, 99.98, 99.96666666666667, 99.9857142857143, 99.97500000000001, 99.94444444444444, 99.99, 99.98181818181818, 99.96666666666667, 99.97692307692307, 99.99285714285713, 99.98666666666666], "hd": [0.68857640331945, 0.7064666919326079, 0.6987870788277752, 0.6923784324214299, 0.7036423583678744, 0.6995210761212363, 0.6999664244392394, 0.7009073753793759, 0.7056546798988531, 0.7023606451496623, 0.6983828286181717, 0.6997735810639912, 0.7051141024898465, 0.7015174602781583, 0.7006501502194601]}}